문구,붙일자리,관측근거,기대도착,검증
이 조건이면 어떤 적금이 맞아?,계산 답변 끝,계산 시드 3개 15턴 딥링크 0회 · 추천 3칸이 전부 같은 계산기의 숫자만 바꿈,적금 상품 문서,적금묶음
26주적금은 매주 얼마씩 늘어나는 구조야?,계산 답변 끝,S09·S11이 금리·기간만 바꾸며 5턴을 돌았고 상품으로 한 번도 안 감,E1,적금묶음
26주적금 우대금리는 어떻게 받아?,계산 답변 끝,S16 2턴이 우대금리를 스스로 경고해놓고 4턴 계산에 반영하지 않음,E4,적금묶음
중간에 해지하면 우대금리는 어떻게 돼?,계산 답변 끝,S15·S13에서 중도해지가 추천 슬롯에 떴으나 상품 문서로 이어지지 않음,E4,적금묶음
자동이체가 한 번 실패하면 어떻게 돼?,계산 답변 끝,S16 2턴 자기 경고가 4턴에 휘발 · 실패 시 처리를 답한 문서가 따로 있음,E8,적금묶음
26주적금은 어디에서 가입해?,계산 답변 끝,계산만 하고 가입 경로를 한 번도 안 준 15턴에 대한 출구,E6,적금묶음
이 조건이면 어떤 대출을 받을 수 있어?,대출 계산 답변 끝,S10이 상환액을 5턴 계산하면서 대출 상품으로 0회,신용대출 FAQ 80건,본문없음
중간에 갚으면 수수료 있어?,대출 계산 답변 끝,S10이 상환 방식을 3턴 다뤘는데 중도상환 문서 11건으로 0회,중도상환 FAQ 11건,본문없음
지금 실제 금리는 얼마야?,금리를 가정으로 쓴 답변 끝,S09·S11이 연 4%·5%를 가정으로 굴리는데 실제 금리 문서로 0회,금리 안내,본문없음
